Id,Category
0a32f209_1b6e.JPEG,2
0a130fb8_b027.JPEG,17
0a547c95_69b1.JPEG,2
0ad55c32_0758.JPEG,1
0ae03fbb_5363.JPEG,29
0ae02665_9b79.JPEG,2
0b8fec4c_8a2e.JPEG,11
0b2686b9_eea9.JPEG,17
0b232170_5426.JPEG,28
0bbf9645_b4e1.JPEG,15
0bcded0d_65ef.JPEG,11
0bf3f391_fb71.JPEG,23
0c01c54d_7adb.JPEG,11
0c7df704_13ce.JPEG,29
0c26df4c_5166.JPEG,10
0c604c60_2854.JPEG,29
0ca9797d_2943.JPEG,28
00cc0f59_c28c.JPEG,7
0ce6f9d7_7b3a.JPEG,15
0ce44a18_ee45.JPEG,4
0ce7533b_7de5.JPEG,9
0cf25cf9_9a7e.JPEG,5
0d4f61e4_57e5.JPEG,3
0d27512a_8511.JPEG,28
0dc50700_484b.JPEG,1
0dca6fe1_b5c9.JPEG,9
0de291a9_6140.JPEG,5
0df704a8_4380.JPEG,9
0e2a2a81_5ff8.JPEG,14
0e5cd4ca_be2f.JPEG,15
0e5fe93b_cc58.JPEG,15
0e08f7d3_b8c2.JPEG,26
0e50e839_af59.JPEG,7
0e697e09_9878.JPEG,11
0e63903c_5e30.JPEG,17
0eab4ca5_ca6c.JPEG,8
0ed6a061_e373.JPEG,18
0edb11a0_cfdd.JPEG,4
0f2d3b11_86a6.JPEG,21
0f374a2d_cf9e.JPEG,7
0f053120_acbc.JPEG,28
0fb4d5cf_0112.JPEG,11
1a52b54f_f1d3.JPEG,23
1a89c2ba_d997.JPEG,0
1a648fdb_2a86.JPEG,1
1a4119c5_1a53.JPEG,26
1a4683ad_e07d.JPEG,6
01ac3da5_388c.JPEG,22
1accd50c_c541.JPEG,9
1ae4e16b_4a50.JPEG,22
1b5ba4d0_1196.JPEG,4
1b7a7b20_3034.JPEG,13
1bdc8515_1d85.JPEG,21
1c16e7a6_e91d.JPEG,2
1c28958e_0951.JPEG,26
1ca29731_6750.JPEG,15
1cd1f943_2379.JPEG,14
1cec70ec_4ceb.JPEG,9
1ced1830_db47.JPEG,23
1d9cd2ad_f1c5.JPEG,22
1d46a5fc_b1e6.JPEG,26
1db40a7c_3b7c.JPEG,25
1dbffb5d_acdc.JPEG,5
1ddb5d45_6348.JPEG,5
01e03add_a6b3.JPEG,6
1e5d0301_43f5.JPEG,14
1ec20470_d3df.JPEG,14
1f4f2f6c_7de7.JPEG,9
1f91aed7_79d3.JPEG,22
1fe3cb50_641a.JPEG,23
2a99a71f_a58b.JPEG,18
02a775ca_50f2.JPEG,2
2a816bbd_e656.JPEG,2
2a3102d5_7ff8.JPEG,26
2a030782_7b7d.JPEG,23
2a697572_baad.JPEG,12
2aa809a3_a2b3.JPEG,3
2ae7aaa0_9b5d.JPEG,28
2b0cee6e_9c69.JPEG,12
2b52e6ac_3939.JPEG,21
02b18219_101a.JPEG,28
2be8a77a_ae93.JPEG,21
2bfb0d7c_ff6f.JPEG,15
2c0b532d_54d6.JPEG,24
2c6b9a8e_02a9.JPEG,22
2c8e6f33_808b.JPEG,28
2c9d9bc4_b8ef.JPEG,15
2c565ca6_3441.JPEG,6
2ca4f47f_c61f.JPEG,4
02ca680c_05f8.JPEG,23
2cb0e6d5_0694.JPEG,6
2cbcab7a_f62f.JPEG,11
2ce96038_cebd.JPEG,20
2d0a1a49_38ad.JPEG,19
2d7cc2a9_0472.JPEG,14
2d79cf99_eb5e.JPEG,5
2d81f1b3_a35c.JPEG,14
2d9436ee_4080.JPEG,1
2d11742f_49f2.JPEG,13
2db37750_a473.JPEG,7
02deb098_4f7a.JPEG,16
2e5ff95d_4f15.JPEG,19
2e6aa472_f8b9.JPEG,27
2e9e835b_14b5.JPEG,20
2e14a1fa_b0aa.JPEG,8
2e38a3cf_49d5.JPEG,6
02e42e2a_2d54.JPEG,18
2e2669d2_9712.JPEG,15
2e08450f_7ddc.JPEG,16
2eaad817_50dd.JPEG,18
2ec90dd9_f23e.JPEG,24
2eca08cd_5c20.JPEG,2
2ecb6391_a360.JPEG,18
2ed3125c_5364.JPEG,14
2edbf1d0_1df5.JPEG,2
2f3bdf6c_d213.JPEG,27
2f8ae3e1_a4a2.JPEG,15
2f9ea616_941a.JPEG,5
2f719cee_c15f.JPEG,29
2f3317a9_c4ad.JPEG,15
2fb47900_64eb.JPEG,19
2ff54e11_6495.JPEG,16
2fff4145_7d91.JPEG,26
3a66d2d7_8a51.JPEG,10
3a86a356_06bc.JPEG,2
3a638ca4_1dec.JPEG,0
3a74326f_ebdd.JPEG,14
3aa8dea2_a275.JPEG,27
3af72fc8_b33b.JPEG,4
3af31804_7970.JPEG,20
3b1dd24e_335f.JPEG,17
3b6d8f50_09e4.JPEG,22
3b18f9b2_6b2d.JPEG,17
3b37fcfd_72e1.JPEG,22
3b254b74_a28c.JPEG,6
3b562f36_4ff6.JPEG,23
03bbbd08_965e.JPEG,22
3bf017ee_632c.JPEG,28
3caffeb6_04ba.JPEG,2
3cd78dc8_37be.JPEG,9
3ce1804b_1531.JPEG,14
3d1b1f86_4fc0.JPEG,28
3d3eab1a_99e7.JPEG,1
3d63b650_c76a.JPEG,2
3dd9f5dc_0e57.JPEG,11
3dfd5c87_19cf.JPEG,22
003e8ac5_d95f.JPEG,1
3e793df6_b3e1.JPEG,11
3e14653d_24e6.JPEG,9
3ea1c19d_fa54.JPEG,6
3efabbaa_c27c.JPEG,28
3f5f8a5e_8b56.JPEG,16
3f32a975_ee37.JPEG,5
3f80e70e_4cda.JPEG,15
3f7956cd_1f77.JPEG,18
3ffb9a01_a7db.JPEG,23
4a36f5ed_b0b7.JPEG,24
4a4146c5_3798.JPEG,0
4aa5f41a_6b64.JPEG,20
4ab869c5_4b5b.JPEG,28
4b1fe570_e969.JPEG,28
4b05b359_3b09.JPEG,24
4b6edcab_cba3.JPEG,11
4b22ac44_13f0.JPEG,3
4b77fe7b_7e31.JPEG,21
4b147419_b797.JPEG,9
4bad1a46_67d9.JPEG,1
4bc4e710_e443.JPEG,8
4bc6e5d1_0daa.JPEG,17
4bcf9bed_7c56.JPEG,3
4be2de4b_8dc7.JPEG,12
4bfee003_5950.JPEG,15
4c6c26ef_7cf7.JPEG,14
4c66f2d0_5b0f.JPEG,27
4c873cae_3c06.JPEG,14
4c887e0f_f44e.JPEG,17
4c47361e_21db.JPEG,20
4ce2a7f8_3cad.JPEG,9
4cf23054_f598.JPEG,5
4d000314_ca09.JPEG,29
4d462c98_d28e.JPEG,27
4db26cc4_5235.JPEG,27
4dcfe40c_0341.JPEG,0
4dde5fab_6545.JPEG,27
4de0ed09_fa12.JPEG,14
4e3cd498_1197.JPEG,23
4e3f5caf_7840.JPEG,4
4e147b69_ac20.JPEG,28
4e1078b1_90c6.JPEG,10
4ea682ab_c914.JPEG,27
4edf4ee5_4311.JPEG,2
4ef9278e_8890.JPEG,28
4f8af6a9_5994.JPEG,15
4f47b9c2_470f.JPEG,4
04f853fc_2ae3.JPEG,19
4f650555_d4b8.JPEG,2
4ff5ad60_5265.JPEG,3
5a50cb4a_9070.JPEG,5
5a9616d8_82de.JPEG,13
5afc6db6_b07a.JPEG,25
5b2c2f36_04f5.JPEG,2
5b9e890c_c819.JPEG,27
5b7900f1_7de8.JPEG,9
5b54261a_3e2c.JPEG,7
5ba44f6e_907b.JPEG,4
5bb1a62e_75aa.JPEG,28
5bd9194e_2108.JPEG,15
5bfcce79_68ff.JPEG,22
5c05c452_2653.JPEG,1
5c9ebfe0_b293.JPEG,24
5c36d83a_41db.JPEG,27
5c4504cd_8cff.JPEG,12
05d3ade4_2301.JPEG,6
5d7e7366_c025.JPEG,0
5d72cd16_ad4f.JPEG,6
5d581d86_3072.JPEG,9
5d077724_a1c7.JPEG,2
5df4bb08_221d.JPEG,21
5df16518_14e1.JPEG,16
5e104b5e_2176.JPEG,6
5e971b9c_f9b6.JPEG,5
5e72627e_7207.JPEG,5
5ef47323_94af.JPEG,23
5f7d359b_5001.JPEG,19
5f94c8fc_853f.JPEG,14
5fbb5267_23ac.JPEG,9
5fcf4029_54cc.JPEG,17
5fecbff1_f278.JPEG,15
6a0e7623_7069.JPEG,27
6a3b406f_b814.JPEG,25
6a48c4ed_8dae.JPEG,10
6a55f33c_d181.JPEG,7
6a94f3f0_5960.JPEG,16
6a879a40_ab2d.JPEG,3
6abce8e8_0d91.JPEG,7
6ac8d1ca_6cfa.JPEG,26
6acf6d49_04c3.JPEG,28
6b2b8adc_3a4d.JPEG,3
6b71c3c9_106b.JPEG,29
6b71ecac_776d.JPEG,4
6b823ad4_23eb.JPEG,27
6b1951b6_0f0a.JPEG,15
6ba44dc8_427a.JPEG,2
6bd65dc6_de45.JPEG,7
6be979d4_aac2.JPEG,0
6bf27808_e31b.JPEG,12
6c5b0bc1_01de.JPEG,27
6c8b7c9b_a3bf.JPEG,18
6c19e845_ceb5.JPEG,16
6c631f5d_6a29.JPEG,18
6c80328c_6799.JPEG,3
6cb91a32_9cd4.JPEG,15
6cda1a1d_30b1.JPEG,5
6ce5d264_5654.JPEG,3
6ce882e2_57d6.JPEG,12
6d3e26c8_2113.JPEG,21
6da1fdc1_4556.JPEG,6
6dc7ba96_f6f7.JPEG,5
6de2e6ed_3dc3.JPEG,17
6df3dc82_b02b.JPEG,2
6e4f3b28_478b.JPEG,6
6e19ae59_bc9e.JPEG,6
06e45e6e_e21d.JPEG,4
6e208a7a_25e9.JPEG,23
6e487a50_e1fa.JPEG,8
6e156901_27da.JPEG,5
6e305079_904a.JPEG,7
6eb5d903_d92e.JPEG,15
6edb42c1_2472.JPEG,24
6f23684a_f86e.JPEG,14
6f59888d_3103.JPEG,22
6f733013_f109.JPEG,2
6fc5b5fd_e485.JPEG,10
7a0c92a8_b066.JPEG,7
7a5c143c_aad8.JPEG,9
7a8f5dee_2928.JPEG,8
7a43a350_2176.JPEG,16
7a91e5a0_c0ca.JPEG,22
7a2848e7_114f.JPEG,1
7af2a07d_080f.JPEG,28
7b0ac251_8a9f.JPEG,29
7b7c0d66_d598.JPEG,11
7b8e1487_9661.JPEG,18
7b900ab6_2dff.JPEG,20
7b701377_1fdf.JPEG,4
7bc8a73e_789e.JPEG,0
7bcb76cf_0fa2.JPEG,12
7bf11073_49aa.JPEG,28
7bf90219_a09f.JPEG,5
7bfccfcd_4223.JPEG,0
7c3753bd_771d.JPEG,14
7d3f356f_e56d.JPEG,18
7d6e2bef_de0a.JPEG,22
7d6ed583_9492.JPEG,6
7d6636ad_459e.JPEG,22
7da6ccf0_e253.JPEG,17
7daacb63_0800.JPEG,27
07dcfc8e_efda.JPEG,16
07dd7dfd_f2ad.JPEG,17
7e18bce3_23e3.JPEG,5
7e2929e6_dfc1.JPEG,2
7ec323b9_1691.JPEG,15
7f19ba4a_9471.JPEG,26
7f99e79a_ab4d.JPEG,18
7f751fe9_144d.JPEG,13
7fa796db_9756.JPEG,20
7fbe2c63_b16d.JPEG,2
7fe880c5_aa87.JPEG,2
8a50d525_75f6.JPEG,29
8a4732e6_7396.JPEG,17
8a72896d_bb00.JPEG,21
8ab777fb_a217.JPEG,11
8ac978c2_3954.JPEG,0
8b3e77b4_b916.JPEG,19
8b85f789_e0b0.JPEG,23
8b477992_6f68.JPEG,27
8baaf599_c370.JPEG,24
8beea58a_8e57.JPEG,17
8c9ef00e_701a.JPEG,12
8c85a52d_db47.JPEG,8
8c522022_c531.JPEG,26
08ca0b44_3ab1.JPEG,26
8ca489e1_12ba.JPEG,18
8cbe0833_4a78.JPEG,22
8ccff3fe_149b.JPEG,3
8cf6df8b_a8c8.JPEG,24
8d3f6198_ea4f.JPEG,12
8d4e15c8_829f.JPEG,5
8d4fe9d8_d672.JPEG,11
8dd4aeed_6446.JPEG,7
8dd1634d_47d2.JPEG,25
8df1ddde_12f1.JPEG,7
8e4ffc93_5692.JPEG,8
8e5e1e54_73b5.JPEG,22
8e6b937b_db03.JPEG,0
08e9f60e_5be0.JPEG,12
8e0715ad_5fcf.JPEG,29
8eb2fd34_91e7.JPEG,24
08f02b24_cd1e.JPEG,23
8f6fd903_d0f0.JPEG,6
8f19a6d0_7a18.JPEG,26
8f21e3f5_b50e.JPEG,12
8f75fc82_f151.JPEG,5
8f0251b6_0743.JPEG,9
8f92306a_8be3.JPEG,28
08fce536_5c11.JPEG,23
8ffbfda8_d3a1.JPEG,22
9a966d84_9f15.JPEG,9
9aa7c4e4_b90d.JPEG,18
09adcb5d_e59f.JPEG,26
9aed7938_21b4.JPEG,2
9b2a4258_f376.JPEG,25
9b93e5cf_ec0a.JPEG,27
9bd7e127_6357.JPEG,19
9bdcad75_5d98.JPEG,1
9be8e139_ed11.JPEG,12
9c09d138_cb02.JPEG,21
9c288c49_84b9.JPEG,10
9cb5b963_d88f.JPEG,17
9d62e9e1_6916.JPEG,14
9d994eff_943d.JPEG,8
9da5d7f0_b1fc.JPEG,24
9da844c1_cf72.JPEG,8
09dac3bd_267f.JPEG,0
9ddcbc5c_d0f5.JPEG,5
9de2ebf3_2904.JPEG,17
9e7b9c5e_89b9.JPEG,28
9e70a764_2962.JPEG,20
9ec17ab3_66be.JPEG,24
9ee15eed_3996.JPEG,7
9eebc114_8092.JPEG,18
9f4a316d_a324.JPEG,14
9f010b2a_783f.JPEG,9
09f9737f_8634.JPEG,2
09f26028_4ac1.JPEG,12
9fca8315_b2b4.JPEG,4
9fe90a38_3674.JPEG,15
10be184e_d085.JPEG,5
11b5cba6_2c77.JPEG,25
11c1f9b5_b838.JPEG,9
12dbcd4d_e873.JPEG,7
012f1624_cf5f.JPEG,29
013b6458_ebee.JPEG,2
14e559d5_9b7a.JPEG,5
15acc3ec_b335.JPEG,22
15b06454_431b.JPEG,17
15f28e55_4a7d.JPEG,13
16aadebe_046a.JPEG,21
017bb00e_55c6.JPEG,4
17d93857_a62a.JPEG,0
17e0a202_70e3.JPEG,17
018ced7c_cd98.JPEG,0
18f8e4cb_3aa5.JPEG,11
20a6e02c_0c20.JPEG,19
20aeaad4_224a.JPEG,5
21a25865_1be0.JPEG,15
021aacf4_70e6.JPEG,7
21aed518_54e6.JPEG,22
21b83f6d_1b9b.JPEG,2
021e79f9_428c.JPEG,21
22f77805_6aac.JPEG,18
23a5a083_e360.JPEG,7
23b86ff4_50bf.JPEG,8
23db050f_fde9.JPEG,16
23dcca68_b677.JPEG,12
23e86911_f878.JPEG,16
23eed59c_135a.JPEG,21
24a9951a_a3dd.JPEG,18
24a75206_d0a4.JPEG,18
24deccdf_440c.JPEG,18
24f40d13_e6d5.JPEG,5
25b5fd91_1283.JPEG,7
25b36ad2_0d3e.JPEG,18
27b5dd75_ea98.JPEG,19
27b6dcea_180f.JPEG,6
27d8f307_d6bd.JPEG,23
27d9124d_1162.JPEG,27
27e58421_3d12.JPEG,0
28bdbe2b_e59a.JPEG,28
28d0f5e9_373c.JPEG,27
28da5d54_8f9c.JPEG,10
28dc14da_e6df.JPEG,4
29a793ec_8dad.JPEG,22
030da6f6_6fcd.JPEG,24
31d39f21_076b.JPEG,27
31ed4529_c8eb.JPEG,16
32dab9cc_cac2.JPEG,19
32eb1ed0_1d03.JPEG,19
33b69720_78d7.JPEG,27
34ced50a_aba9.JPEG,2
34d02595_f152.JPEG,3
35f99a27_be09.JPEG,19
36ac601b_70a3.JPEG,13
36e2f1d5_db78.JPEG,28
36f14293_d642.JPEG,14
37a5675e_2551.JPEG,22
37aa66a7_a7f8.JPEG,0
37ea549a_64f6.JPEG,0
37fdd1a9_905d.JPEG,12
38a57023_74ed.JPEG,24
38c7e3a4_3df9.JPEG,6
38df3807_0c2a.JPEG,24
38eca680_2736.JPEG,17
38ff6d2d_5fa4.JPEG,16
39d02cf4_238a.JPEG,4
039d6fc1_24d4.JPEG,24
39da8eb0_eb47.JPEG,5
41ba7abb_5e28.JPEG,19
42b95737_ce1a.JPEG,10
42e1c236_ebbb.JPEG,18
42ff4769_768f.JPEG,18
44d240a8_8da4.JPEG,28
44e27b6d_5efa.JPEG,14
45bd5a78_5095.JPEG,2
46ad1fd8_0986.JPEG,15
46b16304_087e.JPEG,13
46c571e0_a64d.JPEG,12
46d79d3f_4348.JPEG,9
46de4c3e_85f0.JPEG,18
46f06245_0f67.JPEG,15
47b1634e_6142.JPEG,5
48a08e55_f3b9.JPEG,2
48a32edf_7031.JPEG,3
48bf79a1_b528.JPEG,7
48e06804_8d23.JPEG,27
49a6ff9f_eb54.JPEG,14
49c6e9de_2e7b.JPEG,21
49f74c11_d65e.JPEG,21
050c24d2_4c10.JPEG,7
50f32de9_6711.JPEG,28
50f977dd_adef.JPEG,28
52ae0c85_ecd2.JPEG,6
52b5b24e_4304.JPEG,11
52b48e8a_6e58.JPEG,4
52c338a0_ad3e.JPEG,16
52c77703_d135.JPEG,22
52e34ccb_e864.JPEG,3
52ea0a46_7635.JPEG,29
53d03f91_6520.JPEG,18
53e75d52_1fad.JPEG,28
54b64746_e619.JPEG,14
54fe6101_ff59.JPEG,27
55c8baec_6b32.JPEG,22
55fcc1c9_67c9.JPEG,29
56b5e77b_aadc.JPEG,22
57a8438e_9682.JPEG,13
57aa436f_cb67.JPEG,21
57ee0124_6125.JPEG,14
58a74deb_e696.JPEG,18
58b3e184_fd87.JPEG,6
58db41a7_e544.JPEG,11
58e369b5_e97a.JPEG,1
58f57f4f_63b5.JPEG,16
059ee125_0ebc.JPEG,9
60dc62d7_5f9d.JPEG,22
61bcba26_2f20.JPEG,18
62a11380_f079.JPEG,14
62f72548_b77a.JPEG,7
062fa290_d469.JPEG,4
63b023b8_dcfe.JPEG,15
63b7487c_7fc2.JPEG,21
63fe3517_098a.JPEG,2
64bb61e6_5b66.JPEG,20
64dffa84_313b.JPEG,24
64f8e9ef_9025.JPEG,8
65d64f22_0f31.JPEG,9
66a28f0a_d0ca.JPEG,28
066c63a5_54bb.JPEG,15
066fd3f4_9bc3.JPEG,11
067ad419_04ea.JPEG,2
68cfafa2_4960.JPEG,22
68d541fd_cb5b.JPEG,0
68efca23_3feb.JPEG,16
070cf4b2_4b65.JPEG,13
70e47803_c7b3.JPEG,10
70fe6254_f8bf.JPEG,16
71cb103e_f63c.JPEG,19
71cc387a_4b56.JPEG,21
71ebbeb4_e1f2.JPEG,1
72ceb726_9aa5.JPEG,28
72cebab4_b9e0.JPEG,16
74bc0396_e2d2.JPEG,25
74c22886_c2df.JPEG,11
75bbc003_d05c.JPEG,21
75e0157a_910c.JPEG,28
75f77f69_85fd.JPEG,15
75fe8489_ca50.JPEG,24
76acd5e3_2561.JPEG,18
76c62eb0_4f20.JPEG,29
76da5f4d_eba0.JPEG,13
76e8901b_f5bf.JPEG,16
76e43404_ba33.JPEG,2
76ecd33d_24c2.JPEG,21
78fbd2b8_19de.JPEG,2
79b49059_b118.JPEG,13
79bb81ac_313e.JPEG,16
79d175d8_eaf8.JPEG,2
79ec0add_e213.JPEG,19
80c4345d_88b2.JPEG,11
80df2af7_d312.JPEG,19
81ff2233_fad6.JPEG,27
82d292ba_9480.JPEG,0
082f7e6c_aacf.JPEG,8
83be001d_b494.JPEG,5
83dbaa63_953a.JPEG,28
83f0e7f3_9297.JPEG,28
84ab56c4_3da8.JPEG,27
84db50c3_9bb1.JPEG,21
84e56c0c_0ca7.JPEG,22
85d92299_0256.JPEG,5
85eecaa9_b267.JPEG,15
85f2b4bc_e2b9.JPEG,5
86a29d33_9db8.JPEG,2
86aa3f28_4f2f.JPEG,27
86b4ee38_68aa.JPEG,11
86d947a7_8b74.JPEG,4
86e47fac_9c14.JPEG,17
86f13a15_2646.JPEG,10
87c1d314_6956.JPEG,13
87c6b28b_5225.JPEG,22
87e8f965_c41f.JPEG,5
88a3667f_0270.JPEG,24
88ae46a9_8878.JPEG,27
088cb239_4edd.JPEG,0
88ee114c_7273.JPEG,14
89d60a16_4103.JPEG,16
90a00545_d8af.JPEG,0
91ab507a_b62b.JPEG,4
91cbacd6_b4e0.JPEG,27
91e8f933_01a2.JPEG,10
92d41c2a_75b6.JPEG,23
92da2562_33f8.JPEG,0
92e6f67b_156c.JPEG,21
93f099ef_5440.JPEG,22
94a1174c_c504.JPEG,17
094bcd98_ce9d.JPEG,22
94e0451a_5a03.JPEG,6
95c1cabb_e8d1.JPEG,19
96c74aa8_3820.JPEG,20
97b23868_a1ea.JPEG,4
097cec85_c4ac.JPEG,1
97d3f367_93a3.JPEG,27
97d18505_64f1.JPEG,5
98b7db88_2ac0.JPEG,27
98f00866_619c.JPEG,28
99af4606_1ce1.JPEG,9
99ea99aa_fc1f.JPEG,18
99eaa4a5_7fee.JPEG,8
99f8d1d4_c048.JPEG,12
104ca587_4730.JPEG,22
107d6902_b178.JPEG,13
116a31b1_3479.JPEG,24
130db487_c627.JPEG,11
132ed331_400f.JPEG,10
139bca06_f1d9.JPEG,13
154f008f_9fd9.JPEG,14
155dec18_0480.JPEG,12
164bd906_ae2c.JPEG,9
166abd7a_fd34.JPEG,28
166bf218_a863.JPEG,13
166f16c0_89b9.JPEG,5
181be9d3_e352.JPEG,4
205d798a_eec2.JPEG,14
213e4678_bd28.JPEG,26
231e549c_6783.JPEG,11
242ce88d_56a2.JPEG,22
244dab7e_37e2.JPEG,4
245a50e8_1414.JPEG,2
245c9ad4_90f2.JPEG,11
270cac39_8315.JPEG,15
287c7df9_939c.JPEG,18
291a8571_5688.JPEG,6
309b8de4_c569.JPEG,4
311e4001_7927.JPEG,21
312edcd0_ab4f.JPEG,18
313ea04d_5447.JPEG,14
319f6f9e_e0e0.JPEG,7
327a50da_41f8.JPEG,18
336be7d2_3bdc.JPEG,12
339dc0b5_dd78.JPEG,22
344b997f_7700.JPEG,26
353ab6e8_386a.JPEG,2
361c95ac_dc63.JPEG,9
365ac804_31c6.JPEG,15
367e692c_2049.JPEG,22
379a35a5_51e7.JPEG,4
382b4ec3_f8d3.JPEG,18
386afb57_4a8e.JPEG,19
404ae741_2150.JPEG,22
414eb77e_932c.JPEG,13
438bfdee_e781.JPEG,20
438db41e_bb18.JPEG,2
439c3323_420a.JPEG,13
440d8198_d355.JPEG,0
443c2a21_80f4.JPEG,27
449cb139_7524.JPEG,24
451a403f_ad75.JPEG,28
455c09e9_ee75.JPEG,6
458df749_f72a.JPEG,18
467a62f3_0f9a.JPEG,5
471c3a33_2e33.JPEG,3
478c8c07_80cb.JPEG,2
489e6d7d_b178.JPEG,15
491d35ea_4f33.JPEG,19
503a76b5_a74b.JPEG,15
516e0277_8a0f.JPEG,9
526a5c6c_3acc.JPEG,4
528a6720_423e.JPEG,9
535be349_3f50.JPEG,19
536ec65c_064c.JPEG,8
547b4bab_e558.JPEG,22
551a5dcf_8399.JPEG,27
558f05bd_243f.JPEG,9
559c6924_69c4.JPEG,5
564a5ee4_2998.JPEG,16
574d962d_2db2.JPEG,1
579c3455_1488.JPEG,15
581cfd09_a94f.JPEG,24
582b7a6e_19c4.JPEG,29
0584f303_b2c2.JPEG,29
585bf147_cd64.JPEG,2
586fac03_c0b1.JPEG,3
587aa398_5c0b.JPEG,28
611d1773_0ffe.JPEG,6
611ee6d9_ae05.JPEG,17
628d434f_ab41.JPEG,27
630e5106_3d82.JPEG,20
631f2256_b11b.JPEG,6
633a0733_9735.JPEG,12
0638c3b9_58e2.JPEG,7
641edeec_63aa.JPEG,19
644b8d1a_a871.JPEG,27
0650c09c_17e5.JPEG,7
652a805a_9528.JPEG,5
655de488_4f7a.JPEG,12
659e20f6_3386.JPEG,15
686a8641_f519.JPEG,15
687d8f9c_da76.JPEG,26
0688cbd3_6fbf.JPEG,9
690bf3cc_79f1.JPEG,27
692eab5d_eb14.JPEG,15
692ff349_26eb.JPEG,28
693ac594_e69f.JPEG,2
695ccefb_7cd4.JPEG,27
697b9cc2_a70a.JPEG,22
701a6b58_ec43.JPEG,6
718c0c6b_c99c.JPEG,19
723daaff_7219.JPEG,27
731f39e2_cf7a.JPEG,15
735f766e_da1f.JPEG,27
744e588e_212f.JPEG,6
746d4276_4d45.JPEG,27
761a3563_f365.JPEG,5
767ef0b7_3a85.JPEG,3
781e45a3_fe2d.JPEG,2
781f7ef1_1c8c.JPEG,27
787d0e4b_1f85.JPEG,26
787f49f0_a5c2.JPEG,5
817f076c_f7ed.JPEG,10
826bc03d_31ac.JPEG,16
842cb7a1_1382.JPEG,1
844f3a18_5e73.JPEG,12
858a153d_8ede.JPEG,16
860fe4ec_6212.JPEG,8
876b84d6_c8f9.JPEG,7
890a9e44_3831.JPEG,10
893f903a_c141.JPEG,9
908fdafb_6fc9.JPEG,23
920bc351_617a.JPEG,28
924e7afb_b201.JPEG,5
930a94aa_14d7.JPEG,1
947beb63_2e75.JPEG,11
965dd65a_fc08.JPEG,14
969c28cb_ff44.JPEG,3
972a74ad_aefc.JPEG,15
978dde0f_9142.JPEG,22
981de50e_289b.JPEG,6
984b7ea9_fc32.JPEG,15
994f63aa_e4e7.JPEG,8
997f3bf5_867e.JPEG,11
1064abf3_e77f.JPEG,23
1072bd5f_8dcc.JPEG,15
1120c0d7_4beb.JPEG,29
1173a2fd_fed6.JPEG,18
1189db4a_609f.JPEG,27
1232b894_0419.JPEG,17
1347c800_f6dc.JPEG,22
1556c90f_a569.JPEG,15
2134c7c8_877a.JPEG,14
2368ff43_2322.JPEG,4
2377dc1c_2610.JPEG,5
2491ece9_0cbe.JPEG,7
2573eaa5_e6a3.JPEG,9
2629ac91_d823.JPEG,12
2713b864_6bb9.JPEG,23
2749c09d_10f1.JPEG,7
3473b6b6_d17b.JPEG,18
3552e203_55c0.JPEG,17
3871ab64_e922.JPEG,18
4010b23f_c1d1.JPEG,2
4064a58a_f1e8.JPEG,13
4067e82f_00ac.JPEG,20
4128b04f_2787.JPEG,28
4232bfc4_f7cb.JPEG,11
4355b9cc_a5ff.JPEG,15
4360a45e_8e52.JPEG,16
4435b2ea_428d.JPEG,10
4452b077_0739.JPEG,5
4511a752_3869.JPEG,19
4517ffea_c10b.JPEG,10
4546bba6_e5a1.JPEG,6
5007acd3_4ed1.JPEG,27
5036a08f_a61d.JPEG,15
5236c5a7_dffc.JPEG,4
5239cb35_03b5.JPEG,4
5491a3cb_8d3f.JPEG,26
5580d739_5679.JPEG,15
5602ed7b_c9ee.JPEG,18
5715f186_9b98.JPEG,9
5832b3d8_2b27.JPEG,22
5881cc86_3b14.JPEG,24
5908d547_8d1d.JPEG,27
6014f6ed_56dd.JPEG,16
6038b1dd_1e08.JPEG,0
6143aedb_6f82.JPEG,27
6496a455_2596.JPEG,19
6583a0f2_31d6.JPEG,16
6767d0dc_caf6.JPEG,7
6772b60e_80ce.JPEG,10
6886f7f5_f395.JPEG,28
6944c5e1_1ee7.JPEG,12
7008be96_6d99.JPEG,2
7098c76a_c182.JPEG,22
7185a7a8_779b.JPEG,0
7509bcbf_13e4.JPEG,16
7695a330_8fe9.JPEG,12
8137b07e_876b.JPEG,11
8153d18e_f035.JPEG,12
8219a219_a3e9.JPEG,18
8232e95c_d4c2.JPEG,18
8379c4c9_02e2.JPEG,27
08406de5_9267.JPEG,11
8467ef2b_0f1f.JPEG,11
8750f7b0_1093.JPEG,11
8818fc2a_63fc.JPEG,27
8836afc7_e48b.JPEG,9
8970a2cd_0765.JPEG,0
8976b67c_0f91.JPEG,0
9001c21e_91cf.JPEG,25
9016b72d_a407.JPEG,29
9045a272_c0da.JPEG,1
9078ce80_dc94.JPEG,28
9208ad1d_f9eb.JPEG,27
9244caf3_b7bc.JPEG,27
9307cea9_0b08.JPEG,8
9356b12c_c6c9.JPEG,24
9384ccdb_1d62.JPEG,23
9673fe66_4432.JPEG,5
9832cd29_afcd.JPEG,15
9972e7f4_b80a.JPEG,1
10133c3b_7c10.JPEG,22
10498dfc_c9bf.JPEG,18
12732b95_e758.JPEG,11
12891da0_1c3f.JPEG,8
15047b91_5b5d.JPEG,10
15463fa4_2546.JPEG,29
016330f6_4c40.JPEG,7
17486e26_d607.JPEG,15
17793b59_91d7.JPEG,21
18999d83_d6bf.JPEG,18
19486b62_cc6a.JPEG,21
26592a41_895c.JPEG,14
26797b8d_e89d.JPEG,13
28142e51_7809.JPEG,17
28918e02_0db9.JPEG,8
33330d0a_c108.JPEG,2
034075ad_df2c.JPEG,7
34636ed1_1dd3.JPEG,12
35794b8b_48ce.JPEG,19
35929ce6_c23d.JPEG,20
36332afa_2420.JPEG,24
40709a04_fc23.JPEG,28
41431f2f_7fa2.JPEG,28
41501aaf_cd2d.JPEG,1
45523df8_832f.JPEG,12
46244dcf_8431.JPEG,28
48524e61_1d09.JPEG,17
49147ebb_34e4.JPEG,28
49673e22_29ea.JPEG,3
50097fbb_f8da.JPEG,14
56055ee4_c909.JPEG,29
56294e5a_3cac.JPEG,12
56460cd5_ba66.JPEG,3
56644db2_744c.JPEG,3
57984cea_ff96.JPEG,17
61058ef1_7579.JPEG,9
63933c4c_6ce0.JPEG,0
64514bee_a290.JPEG,5
64877b7c_9aae.JPEG,22
69607de3_1647.JPEG,24
70414e84_70b8.JPEG,8
70913c85_5bc5.JPEG,5
72262a6a_3598.JPEG,17
72662bd7_98ac.JPEG,11
73128b3f_ec4d.JPEG,24
077969e7_23fa.JPEG,14
79563e38_de55.JPEG,5
84176dee_a777.JPEG,2
85759b7c_a6dc.JPEG,19
86088e7c_4273.JPEG,4
89371a5f_60d1.JPEG,22
90316abf_3aab.JPEG,6
91706c38_1f65.JPEG,17
94305a1f_3061.JPEG,11
96203c83_65ac.JPEG,7
96794e8d_55d3.JPEG,5
98327aae_7f29.JPEG,13
99304d48_8b0f.JPEG,23
123589e5_dd21.JPEG,6
129299ba_7a83.JPEG,24
154340ed_5bdc.JPEG,3
177660cf_70a4.JPEG,13
181613e2_bd70.JPEG,1
192473cc_a65c.JPEG,27
0231845e_f36d.JPEG,5
245349e3_fb00.JPEG,8
257249b4_4a52.JPEG,15
300653b4_91ac.JPEG,22
335625d6_36bd.JPEG,27
363755d6_2636.JPEG,18
393596b6_9023.JPEG,17
478019b4_9aa4.JPEG,26
494532cf_3005.JPEG,21
0524000b_beb4.JPEG,23
531983f1_921a.JPEG,2
552434c3_4cb2.JPEG,6
553389f0_a07d.JPEG,13
562826de_b34a.JPEG,29
574081a5_7226.JPEG,13
579114c9_0386.JPEG,16
581127e3_dfe7.JPEG,29
605151e1_fdd5.JPEG,24
663796a4_f772.JPEG,8
689766c8_2cc6.JPEG,3
695701f0_0c85.JPEG,16
707088a0_bdc1.JPEG,22
717079c4_d489.JPEG,16
781661e8_05f0.JPEG,0
809038f7_5844.JPEG,15
840873d9_7267.JPEG,24
842459f6_794e.JPEG,27
872203af_c278.JPEG,3
919866d8_e971.JPEG,2
0935106f_eeea.JPEG,0
1483594f_425a.JPEG,24
1629082c_e40f.JPEG,22
1686928a_85f6.JPEG,0
1735792e_de3a.JPEG,18
2106733a_6223.JPEG,23
2711149f_58cf.JPEG,14
3277162e_b063.JPEG,8
03857667_542b.JPEG,16
3870542b_b512.JPEG,28
4097396e_89aa.JPEG,20
4704307f_7d52.JPEG,9
4956495e_2cbd.JPEG,0
5029002e_b42f.JPEG,6
5491876b_8669.JPEG,1
5525951d_b2aa.JPEG,16
5843325c_4fb0.JPEG,20
6614822f_fc03.JPEG,18
7130899e_8021.JPEG,17
7529549e_8aa2.JPEG,9
7743080d_4ab5.JPEG,27
8421428a_c2f3.JPEG,19
8677335a_fa75.JPEG,9
8726234f_5520.JPEG,27
9206998a_0e84.JPEG,28
9744443a_2c67.JPEG,20
12286522_9b69.JPEG,28
12566919_3e2f.JPEG,2
15887902_5007.JPEG,17
16168638_0003.JPEG,28
16425897_3bbe.JPEG,16
18262247_1f6f.JPEG,11
20665899_9650.JPEG,17
22516300_5960.JPEG,0
23534364_055c.JPEG,10
29186256_ea0b.JPEG,6
32657308_f9e9.JPEG,9
33735794_dc75.JPEG,16
36817488_7277.JPEG,4
40877977_8446.JPEG,7
42561099_03e4.JPEG,13
42727288_829b.JPEG,20
43118381_2651.JPEG,23
52494510_ffa4.JPEG,11
54555700_f930.JPEG,26
56345844_8fea.JPEG,24
69058482_40d2.JPEG,20
75921779_d291.JPEG,27
76978129_c38e.JPEG,22
78037535_9b2f.JPEG,2
83056104_3076.JPEG,29
90656829_c117.JPEG,0
91304362_779c.JPEG,29
92502731_4757.JPEG,2
94414920_5863.JPEG,18
97023582_bc09.JPEG,14
98075785_774d.JPEG,15
a2bc30c9_4c9f.JPEG,27
a2c339a8_60be.JPEG,16
a2f6970b_2402.JPEG,19
a3a6f145_a145.JPEG,15
a3cab62c_712a.JPEG,24
a4beaffd_01d8.JPEG,21
a5cbf219_3ca7.JPEG,1
a5f3780d_dfa7.JPEG,4
a6a0c84f_340b.JPEG,16
a6a4d04d_b43e.JPEG,4
a6a4307a_39c8.JPEG,24
a6ac99d2_1bc1.JPEG,12
a6b55e0d_f5fe.JPEG,2
a6c95c9b_e22f.JPEG,29
a6d9bf90_2beb.JPEG,22
a6e52ce6_db5b.JPEG,16
a6f4ac34_c56c.JPEG,15
a7c0f5e6_e2bd.JPEG,28
a7d38c3a_a649.JPEG,5
a7dbfb94_835b.JPEG,10
a7e460a5_b1a7.JPEG,18
a7eb75a9_8e03.JPEG,0
a08a76fa_5fd5.JPEG,24
a9a847be_b249.JPEG,7
a09bade1_61ae.JPEG,11
a24e1ad6_1750.JPEG,4
a27a118c_39dc.JPEG,5
a31df4c1_695a.JPEG,13
a32b18c3_1f93.JPEG,4
a36a030b_ba85.JPEG,0
a43d8bf2_b517.JPEG,22
a73fb6fc_133e.JPEG,5
a82e86d7_3b85.JPEG,16
a83d572d_3e3e.JPEG,16
a86b49da_91b6.JPEG,22
a142c4c0_7f81.JPEG,8
a190b742_c751.JPEG,14
a319cb78_27bf.JPEG,11
a0415f4b_fce9.JPEG,5
a0488f99_c5fe.JPEG,4
a530f810_080e.JPEG,14
a575baf2_1802.JPEG,13
a624f52e_54dd.JPEG,4
a1675ba8_7877.JPEG,0
a2744b04_6ea3.JPEG,17
a2762a70_c6dc.JPEG,2
a5555a49_3e66.JPEG,15
a7947f0a_a6f7.JPEG,11
a023252e_f7fb.JPEG,28
a78295e8_617c.JPEG,10
a847703a_80f5.JPEG,10
a1033860_eb52.JPEG,15
a2613176_081b.JPEG,6
a3911059_60fe.JPEG,12
a5755293_dcdd.JPEG,29
a6166271_d539.JPEG,6
a6936977_9275.JPEG,9
aa5d7246_bc07.JPEG,18
aa33d2f6_8e32.JPEG,17
aa059264_993c.JPEG,16
aa66358e_3b56.JPEG,7
aaa93d55_936e.JPEG,3
aad5c62b_9c78.JPEG,24
ab7dc0c1_0d8c.JPEG,15
ab12da81_2aff.JPEG,15
ab63c06f_b7b8.JPEG,26
ab315ea2_dd08.JPEG,13
ab406e9b_e0e7.JPEG,22
ab820e0d_bee7.JPEG,16
ab22281e_21f9.JPEG,7
abd1d273_66f9.JPEG,11
abd1ef08_3196.JPEG,26
ac1a4cfe_e66d.JPEG,19
ac2d7f8b_022e.JPEG,22
ac6a97cf_3fe8.JPEG,1
ac7b0a74_5565.JPEG,28
ac77f8f5_0c55.JPEG,5
ac3343c6_94c6.JPEG,27
ac376391_d9d8.JPEG,16
ad2e62e1_01b3.JPEG,19
adf8ebbb_9bc5.JPEG,12
adf55bb3_3f55.JPEG,22
adf32143_081f.JPEG,18
ae4bb6cf_ca6e.JPEG,5
ae6a9548_6ceb.JPEG,5
aec0c360_5a82.JPEG,18
aee55e95_3758.JPEG,13
aef79fbd_3e83.JPEG,4
aef8272a_fb4b.JPEG,2
af9d7378_e8f1.JPEG,2
af9fafa6_4abd.JPEG,7
af27a74b_9eea.JPEG,18
af51abe4_c7fb.JPEG,15
af82c128_80ec.JPEG,6
af99bb93_1318.JPEG,21
afa7e11c_536d.JPEG,10
afb29d72_47b5.JPEG,5
afd7d1d5_1aea.JPEG,24
affb5b1e_1db3.JPEG,19
b0deb61d_85dc.JPEG,10
b01daa2e_cd94.JPEG,17
b1e88088_3da7.JPEG,25
b1efa7dd_2b27.JPEG,18
b3ac825f_047b.JPEG,16
b4b06206_bf51.JPEG,21
b4ba76d8_97e4.JPEG,15
b4bd2dac_c818.JPEG,5
b4c86e53_e7f1.JPEG,15
b4ca9aef_42cf.JPEG,22
b4e7dd33_0505.JPEG,27
b5b8a6c7_f3aa.JPEG,26
b5ce4172_a514.JPEG,7
b6ba477b_9a5b.JPEG,18
b6ec02ad_1119.JPEG,1
b7bb3acc_6ece.JPEG,14
b7d3c7cc_399a.JPEG,27
b8aa2938_d2dc.JPEG,1
b8b12a05_635d.JPEG,2
b08cbfd2_0ca2.JPEG,7
b15fa5ce_1969.JPEG,20
b28da628_bf8e.JPEG,5
b31f291a_7c51.JPEG,4
b32ed140_5094.JPEG,11
b40b631b_c221.JPEG,10
b48ff283_c7fd.JPEG,24
b54e8c45_5503.JPEG,18
b58dcbb4_88c1.JPEG,23
b63a5d25_d8cb.JPEG,7
b66d28af_c7d7.JPEG,27
b68b44fb_d661.JPEG,28
b74ceea1_0d34.JPEG,11
b75bce87_f74b.JPEG,23
b92d5203_ce37.JPEG,22
b96e7f64_dab9.JPEG,29
b102ac48_e8c6.JPEG,24
b113b4b6_7ac2.JPEG,15
b221c75f_e8bb.JPEG,9
b661d364_ffcb.JPEG,4
b767ca86_adca.JPEG,15
b836dc7b_8319.JPEG,11
b906d17d_ca12.JPEG,24
b2149e77_e276.JPEG,4
b6780e8e_bf3e.JPEG,17
b6896dc7_c0d1.JPEG,5
b8259f40_6a23.JPEG,5
b9472db5_56be.JPEG,28
b10793b1_07ae.JPEG,14
b18692cd_10b0.JPEG,8
b49336ae_0120.JPEG,12
b64446bb_a282.JPEG,24
b087221f_edb4.JPEG,9
b308335f_15c8.JPEG,10
b0430235_1816.JPEG,0
b567906f_ec83.JPEG,19
b2181525_4702.JPEG,27
b2957267_b4c1.JPEG,26
b3600248_2146.JPEG,10
b9120831_5005.JPEG,2
ba6ad04f_52e7.JPEG,4
babc128e_7a04.JPEG,24
baefd2d6_f17a.JPEG,14
bafc00c3_8b73.JPEG,3
bb3f8aba_f8c1.JPEG,12
bb79ae30_cb47.JPEG,20
bb175ca6_3278.JPEG,2
bb328c44_62d7.JPEG,15
bba3f387_49d1.JPEG,1
bbdafed9_60a8.JPEG,9
bbe4895f_40bf.JPEG,19
bc58b100_8914.JPEG,6
bc1288ce_030b.JPEG,21
bc3355ec_d1aa.JPEG,9
bc9918f3_6caa.JPEG,0
bc027300_4e68.JPEG,4
bcb43769_c953.JPEG,6
bccf1a2c_0daa.JPEG,4
bcfaca02_1d7b.JPEG,22
bd16fda1_e9ed.JPEG,2
bdec25c1_9b20.JPEG,13
be1a1034_8bea.JPEG,21
be2d4196_b36d.JPEG,22
be9dc6a0_19b5.JPEG,10
be70f7b0_03e4.JPEG,15
be45479c_1cc9.JPEG,10
beb14eb4_2235.JPEG,8
bee64f39_c905.JPEG,20
bf7ebcf5_2c1a.JPEG,23
bf79a358_15c8.JPEG,4
bf604f3f_a1d0.JPEG,8
bf444377_7601.JPEG,22
bff7e71c_81f2.JPEG,26
c0c06d48_a825.JPEG,18
c0ff32dc_5efe.JPEG,3
c1a47d72_731b.JPEG,12
c1c283c7_21b3.JPEG,28
c1e26fbf_9b11.JPEG,22
c1e66980_967d.JPEG,5
c2e9ad4d_d0c9.JPEG,15
c02e62ab_ddb4.JPEG,4
c2e84e99_386d.JPEG,20
c3afc90b_f4be.JPEG,29
c3bf74c3_3aed.JPEG,28
c3fd7650_b904.JPEG,12
c4e7cfef_f334.JPEG,18
c5ac96bd_19f3.JPEG,15
c5b34aa2_d8f5.JPEG,28
c5ea27e6_21c0.JPEG,24
c6cf88a2_c2eb.JPEG,11
c6e04258_0ee1.JPEG,14
c6f7fc8d_7ffd.JPEG,17
c08a2c09_b90b.JPEG,2
c8a2e25d_25af.JPEG,2
c8eca1ca_cbf6.JPEG,4
c24ca075_d9a3.JPEG,27
c31c9533_5f57.JPEG,16
c037c735_a0c0.JPEG,2
c40b90ac_ef95.JPEG,14
c40c0c0e_f59a.JPEG,5
c44d995d_46dc.JPEG,12
c77dec82_da91.JPEG,8
c81adeb1_d69b.JPEG,12
c82abbcc_9abb.JPEG,26
c85f212d_62c2.JPEG,0
c89b4a77_233b.JPEG,28
c92f6d54_c181.JPEG,2
c93adc21_0254.JPEG,7
c295c6f2_3a2b.JPEG,22
c345c600_6506.JPEG,7
c423b4b9_73fb.JPEG,13
c433c0f8_ab1e.JPEG,22
c0474ffc_9dee.JPEG,12
c685ef4c_9992.JPEG,5
c955c081_4b76.JPEG,0
c0992f3a_7945.JPEG,2
c2652bbf_e9e6.JPEG,2
c4414de6_d049.JPEG,2
c4549e04_6b9e.JPEG,25
c5693b7d_ab8f.JPEG,26
c8433fa6_62f4.JPEG,6
c8804cab_41f6.JPEG,18
c013326c_e51b.JPEG,27
c60245e7_ce39.JPEG,5
c63114a8_ca0a.JPEG,13
c78347f0_bfac.JPEG,18
c84262d9_bc63.JPEG,1
c90358eb_f55b.JPEG,0
c92291ab_13e3.JPEG,23
c500354a_dd74.JPEG,12
c821113c_f28d.JPEG,13
c996766c_021a.JPEG,11
c1580739_af33.JPEG,11
c9628440_9dce.JPEG,5
c9704655_7452.JPEG,13
ca1b5107_fded.JPEG,19
ca7a98fa_5e1d.JPEG,2
ca059d4b_796c.JPEG,23
ca79d6c6_f99f.JPEG,2
ca901818_cfd0.JPEG,5
caa9dd5c_b55b.JPEG,27
caa91c3d_5b0a.JPEG,6
caa298df_d350.JPEG,22
caab1005_3260.JPEG,9
cabf7653_7c55.JPEG,12
cae0e25b_6a4f.JPEG,18
cae3757d_068d.JPEG,15
caf291b4_646f.JPEG,1
cb49f2a6_1fec.JPEG,8
cbaa5ae1_ff64.JPEG,21
cbce06c7_6900.JPEG,23
cbe65fb3_b64a.JPEG,7
cbf54a33_d67a.JPEG,10
cc06c81b_fdce.JPEG,4
cc25cb65_a584.JPEG,1
cc857f89_daba.JPEG,12
cc5689f0_f019.JPEG,20
ccf9e88c_b624.JPEG,4
ccf13e96_0ae6.JPEG,19
cd4cbe58_e9d2.JPEG,8
cd5c18e5_e699.JPEG,17
cd827434_fa55.JPEG,4
cde8daa1_6afe.JPEG,9
ce9d2a45_9bf8.JPEG,5
ce20c73f_3863.JPEG,10
cef3a576_3a30.JPEG,17
cef78093_5d23.JPEG,20
cf0dc7cb_4922.JPEG,13
cf5f0d7b_a01f.JPEG,2
cfa2a3e7_9713.JPEG,7
cfb2bb87_e2d5.JPEG,8
cfdfd8e7_e31b.JPEG,17
d0ac1579_9259.JPEG,1
d0ec2838_a515.JPEG,20
d1ada698_f4d8.JPEG,22
d02a4e07_8f8a.JPEG,11
d2c70baf_3874.JPEG,19
d2e80282_0bca.JPEG,22
d3a9b142_cfaf.JPEG,11
d3a682f7_c91f.JPEG,19
d3d41fa2_782f.JPEG,29
d4d96e99_66b4.JPEG,10
d4d5210d_78d0.JPEG,16
d4e7767e_d512.JPEG,21
d7b111a2_7e0d.JPEG,29
d7bee0a6_47dc.JPEG,18
d7f25e4b_2cdf.JPEG,6
d8ef2392_7960.JPEG,16
d8f3d650_49ff.JPEG,4
d8fec76d_83b1.JPEG,29
d9a75f78_7686.JPEG,6
d09b3132_2e5c.JPEG,29
d9f11f81_d9f7.JPEG,7
d10c6b37_b4f9.JPEG,29
d14f3182_e891.JPEG,0
d18b5bbe_aa8b.JPEG,16
d25f6c97_f1f8.JPEG,22
d31e519d_6700.JPEG,9
d32f0002_3441.JPEG,28
d33c2b21_97de.JPEG,13
d34a150b_0fe4.JPEG,16
d43c4fb4_59b0.JPEG,17
d45de23d_03a3.JPEG,25
d51dd26e_9a5d.JPEG,2
d52d86ef_abd4.JPEG,5
d63bbe19_33e6.JPEG,21
d68a3f6f_4a4a.JPEG,21
d72adff7_69c5.JPEG,8
d73db720_a9ea.JPEG,5
d77dcdec_bbdc.JPEG,27
d79eac26_8f15.JPEG,11
d203e64d_dc4e.JPEG,12
d272a263_5151.JPEG,26
d330d36b_bb8a.JPEG,9
d585f1d4_77b6.JPEG,8
d704c7de_d88f.JPEG,9
d910a5bc_fae7.JPEG,2
d0973f38_4421.JPEG,5
d08920fb_e84a.JPEG,12
d8952a2a_4084.JPEG,14
d18643d4_abfd.JPEG,11
d44835bf_7579.JPEG,19
d440225a_14c1.JPEG,24
d571886c_dc92.JPEG,5
d646721f_f17a.JPEG,16
d1035632_1960.JPEG,11
d1990281_2e08.JPEG,2
d2737003_8613.JPEG,20
d6097327_18c8.JPEG,3
d9440518_25c1.JPEG,8
da01d0f0_4118.JPEG,17
da0633ef_5178.JPEG,0
dab3221f_a158.JPEG,8
dad34e2e_e9b0.JPEG,26
dae27b98_697c.JPEG,11
db0db645_893a.JPEG,27
db8bb74a_9380.JPEG,22
db3409bc_ca1f.JPEG,15
db398113_93c7.JPEG,19
dbac3e89_1508.JPEG,0
dbb59173_7fd8.JPEG,16
dbd2d97f_d52c.JPEG,17
dc3b81ac_b4ed.JPEG,27
dc166f0f_f928.JPEG,18
dc6917ba_a6f7.JPEG,24
dcbb8a3c_16f8.JPEG,12
dcddf2c3_6de9.JPEG,26
dd1e7fb8_f81e.JPEG,4
dd04db55_ec92.JPEG,10
dd8a6980_4f56.JPEG,16
ddcbf234_0e67.JPEG,18
ddf33e95_79a6.JPEG,11
de44aca8_8d3e.JPEG,15
de913696_9ff7.JPEG,11
dea2553d_30f2.JPEG,20
dee92104_5fc3.JPEG,2
def4e073_791d.JPEG,2
df5bbbf6_5132.JPEG,7
df34afa0_ffdd.JPEG,20
df86c408_aacc.JPEG,12
df77633c_c527.JPEG,13
dfa685fd_de6c.JPEG,5
e0cc7520_6812.JPEG,8
e0cd8a43_5102.JPEG,28
e0f7ef07_8579.JPEG,4
e0f87e1d_6644.JPEG,2
e0fe549a_f478.JPEG,13
e1b7b058_2b1d.JPEG,5
e1b756b9_0925.JPEG,13
e1b1688e_436f.JPEG,17
e2b3aa17_bc61.JPEG,18
e2b012b9_a084.JPEG,12
e2cbe75e_8b39.JPEG,21
e2e0b7d7_ee7e.JPEG,28
e3b9deed_9712.JPEG,11
e3ce830d_70c8.JPEG,4
e3f8a80c_6dce.JPEG,15
e03f69c6_4b73.JPEG,8
e3f2821a_9a84.JPEG,28
e4aeabfd_e5b2.JPEG,9
e4bc45ad_5030.JPEG,18
e4defe12_7deb.JPEG,24
e4f28278_4eb6.JPEG,18
e4f65129_41e9.JPEG,24
e5b424b5_54bd.JPEG,13
e5cee731_0492.JPEG,0
e5e64630_dc49.JPEG,11
e6af2227_024a.JPEG,22
e7bf2cc4_bed0.JPEG,14
e7e88713_514f.JPEG,8
e22a4256_3ada.JPEG,14
e27bbdc5_905b.JPEG,22
e27fdd27_3b1a.JPEG,27
e57c80f8_247c.JPEG,21
e66be35f_dacb.JPEG,2
e66e143f_b167.JPEG,23
e071d764_0cc0.JPEG,26
e78e9906_0935.JPEG,29
e91ee721_4d5b.JPEG,5
e93d16b1_46f3.JPEG,2
e221f2e7_f406.JPEG,9
e293aab4_3c87.JPEG,16
e348f1bb_a6e4.JPEG,26
e549a096_9e7c.JPEG,13
e595b3a1_0310.JPEG,7
e676df49_feb9.JPEG,5
e712e54a_3a1b.JPEG,6
e740f7d4_38a3.JPEG,26
e799cf74_77a8.JPEG,16
e946c2e0_6fed.JPEG,12
e1544faf_17e2.JPEG,15
e3120c50_fa52.JPEG,9
e5292cdb_8ee1.JPEG,19
e5749e7f_63a3.JPEG,10
e5859fd9_1c6a.JPEG,13
e7080f92_94d6.JPEG,28
e08581de_22d1.JPEG,2
e9563e46_2485.JPEG,1
e30968d9_494e.JPEG,28
e40925aa_44af.JPEG,10
e44934ce_fab1.JPEG,15
e121528a_92ba.JPEG,22
e299279f_f90c.JPEG,1
e6190825_4d5a.JPEG,6
e7195185_3607.JPEG,28
e7293166_8a95.JPEG,12
ea12c411_2e65.JPEG,11
ea30cf26_4cde.JPEG,6
ea97b573_47c9.JPEG,9
ea72008f_29f6.JPEG,0
ea334357_4823.JPEG,8
eaac56d4_abe4.JPEG,3
eab017a8_dc8d.JPEG,13
eb5e9b4e_32f8.JPEG,1
eb90f280_88b0.JPEG,2
eb202d89_af2d.JPEG,11
ec0d139f_d4a5.JPEG,15
ec4af1fe_8730.JPEG,10
ec608767_ebb0.JPEG,12
ecbcb2d5_8f9c.JPEG,22
ece81d19_6443.JPEG,15
ed44c213_4292.JPEG,8
ed61ea43_1806.JPEG,15
ee8c96ce_08c1.JPEG,24
ee08f842_0f8e.JPEG,16
eeba9f44_a2bb.JPEG,13
eeeea9a9_bbf6.JPEG,27
ef4c95eb_f01e.JPEG,27
ef63c7a3_f96b.JPEG,16
ef76dbfd_a0d9.JPEG,6
ef947c3d_8ac9.JPEG,12
efba08e8_9cb3.JPEG,19
efc7edcc_ad19.JPEG,18
efe0face_01b4.JPEG,21
efecb39b_ce4c.JPEG,20
eff581c0_08b4.JPEG,5
f0bb10a1_9cd7.JPEG,9
f2c8f3a4_c989.JPEG,12
f2c5213e_cc46.JPEG,5
f2f26b1c_29ad.JPEG,5
f2fa2732_ddc2.JPEG,16
f3ae74ad_bf95.JPEG,6
f3f07a34_37bc.JPEG,1
f3f4727a_57a2.JPEG,23
f4a8b2ff_640e.JPEG,24
f4be09ee_6469.JPEG,15
f4ed70f6_1ee1.JPEG,16
f5bb3073_5b1a.JPEG,22
f5fa8a84_74ed.JPEG,4
f8aa72e2_49b5.JPEG,17
f8afad63_a937.JPEG,11
f8f3d586_0a2a.JPEG,23
f9a60875_6829.JPEG,0
f9d7caf2_6aff.JPEG,5
f9f51fff_cbb2.JPEG,15
f10ef797_b3bd.JPEG,25
f21c34c6_f3a9.JPEG,0
f28d1b20_6432.JPEG,20
f29b646e_5e4d.JPEG,22
f31d13a5_dd38.JPEG,2
f46fee7e_36b7.JPEG,18
f47bed90_f7e0.JPEG,28
f65b7f18_8ccd.JPEG,5
f99d098a_bf06.JPEG,17
f134b33f_315d.JPEG,4
f386d114_0809.JPEG,21
f557c933_e324.JPEG,1
f1396e22_e668.JPEG,2
f1995f41_7250.JPEG,4
f2702b35_b81d.JPEG,0
f4307c63_3e02.JPEG,2
f4631b27_7a36.JPEG,21
f8856dd7_d9da.JPEG,15
f49186ac_d0fe.JPEG,15
f78568e1_ef60.JPEG,27
f83769c5_1c1b.JPEG,28
f98810ac_9e18.JPEG,11
f8539521_3357.JPEG,2
fa793a85_590e.JPEG,19
faa192de_0094.JPEG,0
fac49eec_2319.JPEG,24
fb6fb8cd_12d8.JPEG,16
fb18e748_41a3.JPEG,28
fba9a6da_6538.JPEG,22
fbd9c7b0_43cd.JPEG,8
fbf113df_d377.JPEG,15
fc32e698_83d5.JPEG,14
fc626e03_02d8.JPEG,27
fc26479a_9811.JPEG,6
fca4ef12_191b.JPEG,15
fca46dc6_ce08.JPEG,11
fcbbf805_7c05.JPEG,15
fcd8c9ed_0168.JPEG,8
fce542c2_2d68.JPEG,27
fd1b7518_e670.JPEG,9
fd9eafc2_2e2e.JPEG,0
fd125164_4440.JPEG,11
fd971625_90d2.JPEG,8
fdb3ed9f_031c.JPEG,14
fe0cb920_d0dc.JPEG,11
fe3b98ea_471c.JPEG,16
fe6b0876_df17.JPEG,1
fe9cc471_91c7.JPEG,7
fe17db74_5c79.JPEG,13
fe68063c_ff3f.JPEG,16
feb0e053_ddb1.JPEG,12
ff1e4f2b_5114.JPEG,20
ff3c0445_3966.JPEG,24
ff5b3540_6090.JPEG,1
ff0008ab_daa6.JPEG,15
ff151b7e_d09f.JPEG,0
ffeb889c_dc4d.JPEG,24